# sf,tf,onset,offset
1.000000000000000000e+00,2.000000000000000000e+00,4.099871099999290891e+00,5.118113599999560392e+00
